{"cameraMode":{"drawMode":0,"name":"Shaded","section":"Shading Mode"},"sceneLighting":false,"audioPlay":false,"sceneViewState":{"m_AlwaysRefresh":false,"showFog":true,"showSkybox":true,"showFlares":true,"showImageEffects":true,"showParticleSystems":true,"showVisualEffectGraphs":true,"m_FxEnabled":true},"in2DMode":false,"pivot":{"x":6.263368606567383,"y":18.469083786010743,"z":-38.07489013671875},"rotation":{"x":-0.39423438906669619,"y":0.39152246713638308,"z":-0.19073083996772767,"w":-0.8092788457870483},"size":0.8660253882408142,"orthographic":false}